Workbook

Sheet VanDon
A1: Mã vận đơn | B1: Mã dịch vụ | C1: Khu vực | D1: Khối lượng (kg) | E1: Giá cước | F1: Trạng thái | G1: Thời gian xử lý (phút) | H1: Khóa tra cứu
A2: FM1001 | B2: NỘI THÀNH | C2: Hà Nội | D2: 1 | E2: =IFERROR(VLOOKUP(H2,BangGia!$D$2:$E$7,2,FALSE),"Kiểm tra mã vận đơn") | F2: Giao thành công | G2: 22 | H2: =B2&"|"&C2
A3: FM1002 | B3: LIÊN TỈNH | C3: Hải Phòng | D3: 1.5 | E3: =IFERROR(VLOOKUP(H3,BangGia!$D$2:$E$7,2,FALSE),"Kiểm tra mã vận đơn") | F3: Giao đúng hạn | G3: 35 | H3: =B3&"|"&C3
A4: FM1003 | B4: NỘI THÀNH | C4: Hà Nội | D4: 2 | E4: =IFERROR(VLOOKUP(H4,BangGia!$D$2:$E$7,2,FALSE),"Kiểm tra mã vận đơn") | F4: Giao thành công | G4: 18 | H4: =B4&"|"&C4
A5: FM1004 | B5: NHANH | C5: Đà Nẵng | D5: 2.5 | E5: =IFERROR(VLOOKUP(H5,BangGia!$D$2:$E$7,2,FALSE),"Kiểm tra mã vận đơn") | F5: Giao đúng hạn | G5: 28 | H5: =B5&"|"&C5
A6: FM1005 | B6: LIÊN TỈNH | C6: TP.HCM | D6: 1 | E6: =IFERROR(VLOOKUP(H6,BangGia!$D$2:$E$7,2,FALSE),"Kiểm tra mã vận đơn") | F6: Thất bại | G6: 47 | H6: =B6&"|"&C6
A7: FM1006 | B7: NHANH | C7: Hà Nội | D7: 1.5 | E7: =IFERROR(VLOOKUP(H7,BangGia!$D$2:$E$7,2,FALSE),"Kiểm tra mã vận đơn") | F7: Giao thành công | G7: 25 | H7: =B7&"|"&C7
A8: FM1007 | B8: NỘI THÀNH | C8: TP.HCM | D8: 2 | E8: =IFERROR(VLOOKUP(H8,BangGia!$D$2:$E$7,2,FALSE),"Kiểm tra mã vận đơn") | F8: Giao đúng hạn | G8: 31 | H8: =B8&"|"&C8
A9: FM1008 | B9: LIÊN TỈNH | C9: Hải Phòng | D9: 2.5 | E9: =IFERROR(VLOOKUP(H9,BangGia!$D$2:$E$7,2,FALSE),"Kiểm tra mã vận đơn") | F9: Giao thành công | G9: 39 | H9: =B9&"|"&C9
A10: FM1009 | B10: NHANH | C10: Hà Nội | D10: 1 | E10: =IFERROR(VLOOKUP(H10,BangGia!$D$2:$E$7,2,FALSE),"Kiểm tra mã vận đơn") | F10: Hoàn | G10: 51 | H10: =B10&"|"&C10
A11: FM1010 | B11: NỘI THÀNH | C11: Đà Nẵng | D11: 1.5 | E11: =IFERROR(VLOOKUP(H11,BangGia!$D$2:$E$7,2,FALSE),"Kiểm tra mã vận đơn") | F11: Giao đúng hạn | G11: 20 | H11: =B11&"|"&C11
A12: FM1011 | B12: LIÊN TỈNH | C12: Hà Nội | D12: 2 | E12: =IFERROR(VLOOKUP(H12,BangGia!$D$2:$E$7,2,FALSE),"Kiểm tra mã vận đơn") | F12: Giao thành công | G12: 24 | H12: =B12&"|"&C12
A13: FM1012 | B13: UNKNOWN | C13: Hà Nội | D13: 2.5 | E13: =IFERROR(VLOOKUP(H13,BangGia!$D$2:$E$7,2,FALSE),"Kiểm tra mã vận đơn") | F13: Chờ kiểm tra | G13: 15 | H13: =B13&"|"&C13

Sheet BangGia
A1: Mã dịch vụ | B1: Khu vực | C1: Giá cước (VNĐ) | D1: Khóa tra cứu | E1: Giá cước trả về
A2: NỘI THÀNH | B2: Hà Nội | C2: 25000 | D2: =A2&"|"&B2 | E2: =C2
A3: LIÊN TỈNH | B3: Hải Phòng | C3: 45000 | D3: =A3&"|"&B3 | E3: =C3
A4: LIÊN TỈNH | B4: TP.HCM | C4: 65000 | D4: =A4&"|"&B4 | E4: =C4
A5: NHANH | B5: Đà Nẵng | C5: 55000 | D5: =A5&"|"&B5 | E5: =C5
A6: NHANH | B6: Hà Nội | C6: 40000 | D6: =A6&"|"&B6 | E6: =C6
A7: NỘI THÀNH | B7: Đà Nẵng | C7: 30000 | D7: =A7&"|"&B7 | E7: =C7

Sheet HuongDan
A1: HƯỚNG DẪN | B1: NỘI DUNG
A2: Công thức tra cước | B2: =IFERROR(VLOOKUP(H2,BangGia!$D$2:$E$7,2,FALSE),"Kiểm tra mã vận đơn")
A3: Mapping tham số | B3: H2 = giá trị cần tìm; BangGia!$D$2:$E$7 = vùng tra cứu cố định; 2 = cột giá trả về; FALSE = khớp chính xác.
A4: Kéo xuống 500 dòng | B4: Dấu $ cố định vùng tra cứu. Trong file mẫu, kéo công thức tại E2 xuống các dòng tiếp theo.
A5: Kiểm thử lỗi #N/A | B5: Mã không có trong bảng giá sẽ hiện “Kiểm tra mã vận đơn” nhờ IFERROR.
A6: Chuẩn hóa ký tự | B6: Dùng =TRIM(CLEAN(SUBSTITUTE(A2,CHAR(160)," "))) cho mã cần làm sạch.
A7: Quy tắc vàng | B7: Không gộp ô; một hàng tiêu đề; không dòng trống/tổng giữa bảng; một kiểu dữ liệu mỗi cột; mỗi dòng một bản ghi.
